participant;gender;educational_background;word;position_inside_the_word;preceding_vowel;word_category;F3 Midpoint;F4 Midpoint;F3 Average;F4 Average
pr01;woman;doctor;york ;final;o;noun;1652.4599427118258;3280.1485679797997;1793.3899679563544;3243.261829252775
pr01;woman;doctor;puerto;internal ;e;noun;2227.351520618871;3268.571137695696;2414.1008045516455;3333.2232212651656
pr01;woman;doctor;hablar;final;a;verb;2303.8561973511864;3543.0595430130325;2292.8131538883194;3488.2670168159675
pr01;woman;doctor;oportunidades;internal ;o;noun;2590.010455784171;3751.191104183818;2641.733824722215;3750.0245532467675
pr01;woman;doctor;lugar;final;a;noun;2257.7213737175875;3151.9150814811514;2280.0756802542032;3233.651630998673
pr01;woman;doctor;prosperar;final;a;verb;2367.9185283774405;3345.2253439154115;2418.933282515149;3085.39226906828
pr01;woman;doctor;puerto;internal ;e;noun;2526.835300104307;3563.7119620703643;2515.1804403239394;3549.9680785671726
pr01;woman;doctor;buscar;final;a;verb;2314.5165590948977;3571.734991595678;2314.231986667051;3588.754950792155
pr01;woman;doctor;puerta;internal ;e;noun;3270.485587491707;4349.835847483658;2661.0630254218854;3767.338433739954
pr01;woman;doctor;llegar;final;a;verb;2192.2365637898706;3631.2556696170204;2194.4174847287777;3627.0320061740877
pr01;woman;doctor;york ;final;o;noun;1922.6964726378028;3626.9495502794384;2036.2449756212038;3728.0273140183476
pr01;woman;doctor;invierno;internal ;e;noun;2423.907586228402;3543.191875779671;2378.4500035508604;3596.9897196397583
pr01;woman;doctor;fuerte ;internal ;e;adjective;1954.7527364827056;3553.1540107274695;2124.112560984391;3587.718762449404
pr01;woman;doctor;intimidar;final;a;verb;2081.44215962129;3626.5134876361844;2138.2688008048667;3645.137609367367
pr01;woman;doctor;mejor;final;o;adjective;1934.804819667201;3188.694961784321;1986.3981351803632;3280.011812533464
pr01;woman;doctor;puertorriqueños;internal ;e;noun;2956.500715403373;3268.3812110346444;2662.7526251186746;3179.366152974969
pr01;woman;doctor;estar;final;a;verb;2249.883924694396;3536.0536268330306;2309.7454146267173;3529.4067254031725
pr01;woman;doctor;cierta;internal ;e;adjective;2501.2566413846;3560.412380640722;2451.938477837259;3670.0081390103537
pr01;woman;doctor;fuerte ;internal ;e;adjective;2334.7286558567157;3493.1214349437632;2226.852506327232;3412.2248028067006
pr01;woman;doctor;mar;final;a;noun;2545.1836101418626;3695.487200982122;2501.2648134402666;3662.574533614995
pr01;woman;doctor;calor;final;o;noun;2009.1224966011891;3425.923946575832;2011.085117026267;3512.2216318133705
pr01;woman;doctor;detenerse;internal ;e;verb;2365.857425508072;3548.9195994453394;2414.118230183794;3504.2913232141595
pr01;woman;doctor;por;final;o;preposition;2427.371612796627;2773.228515045675;2272.6426604410126;2974.245391234144
pr01;woman;doctor;puertas;internal ;e;noun;2024.4575293251291;3382.035527594453;2197.243579663526;3427.151603883908
pr01;woman;doctor;poder;final;e;verb;2382.8000031029596;3783.199187824608;2407.972913806926;3759.507210355035
pr01;woman;doctor;ganar;final;a;verb;2281.7654144140547;3355.334012171972;2299.526704224857;3370.821299774131
pr01;woman;doctor;enviar;final;a;verb;2362.27759328453;3499.2564441977484;2347.393662238585;3496.521772508678
pr01;woman;doctor;largas;internal ;a;adjective;2099.0794295429982;3760.653244474676;2028.2268697348406;3726.492562083695
pr01;woman;doctor;descargando;internal ;a;verb;2382.2016296565816;3169.849507577396;2358.539619003614;3324.554213767412
pr01;woman;doctor;mejor;final;o;adjective;1880.197254907713;3131.4022919026124;1999.31857817815;3172.9653309607634
pr02;man;doctor;york ;final;o;noun;2287.338092008197;3683.1072356497752;2320.4963187601975;3413.3821319604026
pr02;man;doctor;puerto;internal ;e;noun;2485.129045021037;4163.658659688456;2390.802567283923;3599.0416882355503
pr02;man;doctor;hablar;final;a;verb;2098.576558144831;2671.66698771356;2436.68618207595;3118.12221303278
pr02;man;doctor;oportunidades;internal ;o;noun;2452.230853689072;3677.51625263592;2368.8318447658467;3648.8622839941454
pr02;man;doctor;lugar;final;a;noun;2478.784172808274;3017.2329369748927;2529.477821011044;3000.143908692215
pr02;man;doctor;prosperar;final;a;verb;2394.9370671284687;3920.869838290564;2344.163809732599;3546.104655399493
pr02;man;doctor;puerto;internal ;e;noun;2253.022749041199;2974.653543919808;2212.143009504553;3068.3723955639184
pr02;man;doctor;buscar;final;a;verb;2568.031579994805;3744.671041197129;2597.0826391978576;3773.101189421071
pr02;man;doctor;puerta;internal ;e;noun;2663.7284192563584;3978.230241295726;2493.6114209602865;3499.794698693696
pr02;man;doctor;llegar;final;a;verb;2634.24718617296;2952.2761725040737;2658.6480566846803;2981.5565217968374
pr02;man;doctor;york ;final;o;noun;2244.4376684264116;2873.9818088131406;2096.3054098642333;2923.6649233924923
pr02;man;doctor;invierno;internal ;e;noun;2539.221236245563;3494.8732590651553;2435.7441082144182;3335.1435820827464
pr02;man;doctor;fuerte ;internal ;e;adjective;2466.0735548258253;4006.9281796320774;2356.7324837792585;3632.5393591060133
pr02;man;doctor;intimidar;final;a;verb;2870.1948357501205;4053.139750388733;2785.277134911679;3957.538241263236
pr02;man;doctor;mejor;final;o;adjective;2415.449020105066;3564.9235878834147;2232.1508352041947;3317.3991405130923
pr02;man;doctor;puertorriqueños;internal ;e;noun;2337.5191819186557;3333.572740308988;2367.6057284714593;3387.694861510145
pr02;man;doctor;estar;final;a;verb;1856.378769020376;3120.5726864587505;1866.150379545062;3113.1877611370574
pr02;man;doctor;cierta;internal ;e;adjective;2613.3434285640756;3656.284893647682;2673.162881954993;3765.9614586028792
pr02;man;doctor;fuerte ;internal ;e;adjective;2391.1348874525947;3439.8917455902492;2387.7906771864646;3318.5549438822804
pr02;man;doctor;mar;final;a;noun;2359.9431119926394;3008.835523161373;2832.6075335019036;3569.4532433724735
pr02;man;doctor;calor;final;o;noun;2347.3776418287957;2616.878814361432;2519.5097924112447;3162.3479017250756
pr02;man;doctor;detenerse;internal ;e;verb;2816.7180927881113;3795.9085295938817;2822.423506438173;3891.4897636680435
pr02;man;doctor;por;final;o;preposition;2381.864928398584;2629.0118326296933;2391.4899632347533;2649.1714424659617
pr02;man;doctor;puertas;internal ;e;noun;2474.8290085911894;2824.4833123099106;2427.2341584381775;3478.8176387554568
pr02;man;doctor;poder;final;e;verb;2571.3937188656446;3766.8840333647086;2576.8084813466303;3805.254698002974
pr02;man;doctor;ganar;final;a;verb;3020.9507752185646;3998.2446836886566;2682.4508511128456;3659.4943874234687
pr02;man;doctor;enviar;final;a;verb;2579.5546802521385;3860.626410261225;2596.4231536155485;3905.382535167044
pr02;man;doctor;largas;internal ;a;adjective;1893.8834801727098;2877.6322623924625;2338.6062888617266;3232.5550472155733
pr02;man;doctor;descargando;internal ;a;verb;2579.533303162455;3830.206671448047;2528.4540673127563;3569.1227032893034
pr02;man;doctor;mejor;final;o;adjective;1676.8936789698116;3036.1313752622427;2418.7740029673623;3562.9702642828743
pr03;man;master;york ;final;o;noun;1878.48221268098;4014.6447297724903;1887.1759597553935;3806.844202838944
pr03;man;master;puerto;internal ;e;noun;1558.7049589659441;3133.2782376490104;1948.9901187730131;3116.8026820299133
pr03;man;master;hablar;final;a;verb;2559.8256008465464;3999.9394507519783;2303.1355857952412;3397.0433711268984
pr03;man;master;oportunidades;internal ;o;noun;2486.2426014949456;3796.181364635874;2532.737511349983;3792.112524046664
pr03;man;master;lugar;final;a;noun;2252.099310821196;3037.485040966487;2261.5608382930427;3079.8906082533176
pr03;man;master;prosperar;final;a;verb;2066.5411133798652;2821.5227871518236;2089.7500550240634;3273.2339256969076
pr03;man;master;puerto;internal ;e;noun;1985.658888819433;3427.6614366261156;2031.7210035986545;3438.580743202252
pr03;man;master;buscar;final;a;verb;2282.1946333208407;3302.0586434805355;2257.818867566958;3354.866307171503
pr03;man;master;puerta;internal ;e;noun;2358.7999969485236;3705.507170910765;2267.08446585443;3477.05936302712
pr03;man;master;llegar;final;a;verb;2280.8229289536366;2517.7465938920654;2276.7326085749532;2761.041238109665
pr03;man;master;york ;final;o;noun;1953.3881709863033;3781.964163133096;1966.9797278107885;3681.2218685862745
pr03;man;master;invierno;internal ;e;noun;2573.8988709694977;2867.7020092610355;2558.216268193355;2867.212612327451
pr03;man;master;fuerte ;internal ;e;adjective;2344.2136770105835;4135.4919748220245;2347.530002302645;3754.8921572409367
pr03;man;master;intimidar;final;a;verb;2558.7592781766784;3581.0526579443917;2289.680881104292;3478.520418597583
pr03;man;master;mejor;final;o;adjective;1937.7558251892633;2556.550177494273;1884.285036918841;2580.878919635583
pr03;man;master;puertorriqueños;internal ;e;noun;2015.8161679579623;2987.41518561895;1966.3516402500804;2941.629193851545
pr03;man;master;estar;final;a;verb;2355.4344446380937;3255.914414090365;2358.655423741139;3262.3088607506998
pr03;man;master;cierta;internal ;e;adjective;2508.86000644009;3897.970552183004;2543.6351545107227;3915.4746366229833
pr03;man;master;fuerte ;internal ;e;adjective;2156.7430146727206;3742.145851751583;2243.706417388306;3798.3446595340197
pr03;man;master;mar;final;a;noun;1952.8011168846483;2539.606196767749;2180.58927013035;2976.947375729101
pr03;man;master;calor;final;o;noun;1838.5860622863652;3277.0048074437923;1829.2003843090106;3536.2848353980708
pr03;man;master;detenerse;internal ;e;verb;2475.648137194276;3942.38829857816;2440.428472058192;3975.191543507878
pr03;man;master;por;final;o;preposition;1982.4785819212716;2757.225212346043;1957.3603286777522;2770.154891041256
pr03;man;master;puertas;internal ;e;noun;2265.1755219354654;3709.3378971843317;2254.1227343658006;3773.1166717536794
pr03;man;master;poder;final;e;verb;2437.2840808469923;3840.9575210926264;2441.8427960491053;3840.9931238853937
pr03;man;master;ganar;final;a;verb;2368.3086017512765;2572.6553946256854;2305.4857271631804;2662.310938180291
pr03;man;master;enviar;final;a;verb;2326.170541151268;2370.7139895753226;2327.9870241984618;2818.437456325965
pr03;man;master;largas;internal ;a;adjective;2062.4642764264113;2542.4835343382883;2089.080677919605;2558.8802039648276
pr03;man;master;descargando;internal ;a;verb;2428.0100742069903;3954.4280107774525;2280.7808015196365;3629.101083325152
pr03;man;master;mejor;final;o;adjective;1945.6421452998077;2196.7630516179797;1972.0266030834644;3116.58502582866
pr04;woman;doctor;york ;final;o;noun;2113.366603503382;4066.2077168047426;2197.0563468563637;4020.717032271105
pr04;woman;doctor;puerto;internal ;e;noun;3236.9924317766227;4317.696561969409;3044.0330112239735;4350.507005405169
pr04;woman;doctor;hablar;final;a;verb;2711.7406382050394;4050.987757910441;2759.0159268284638;3918.477136554047
pr04;woman;doctor;oportunidades;internal ;o;noun;2785.8141580436786;3782.747676438309;2960.991710920333;4002.0969338413515
pr04;woman;doctor;lugar;final;a;noun;3306.9009472789767;3486.7145236488946;3319.7065524944737;3585.185684180964
pr04;woman;doctor;prosperar;final;a;verb;2401.0943286489696;3280.5807058494124;2463.51465078481;3505.8182723513264
pr04;woman;doctor;puerto;internal ;e;noun;3332.528051699234;4213.627963533029;3170.051924986505;3949.304742981534
pr04;woman;doctor;buscar;final;a;verb;2291.0844776717736;3412.2872591560786;2550.989333099014;3413.6247159215304
pr04;woman;doctor;puerta;internal ;e;noun;3131.4051828365464;3761.7753296381006;3070.6763006592532;3946.972372124985
pr04;woman;doctor;llegar;final;a;verb;3209.443312172324;4279.754223275163;3017.724560623744;3909.653808359472
pr04;woman;doctor;york ;final;o;noun;2367.0769629912547;4022.7368643267187;2367.461772135294;4077.137501267939
pr04;woman;doctor;invierno;internal ;e;noun;3177.9220923384105;3840.52336530993;3168.7819607038673;3806.4406097650935
pr04;woman;doctor;fuerte ;internal ;e;adjective;3131.8256039981056;3659.734129572918;2844.0209022803206;3728.1893736626294
pr04;woman;doctor;intimidar;final;a;verb;3318.4160405544453;4186.35185473422;3009.5295945748644;4222.295639692272
pr04;woman;doctor;mejor;final;o;adjective;2206.5541532100337;3394.5585602572123;2593.0898241750197;3711.00864773702
pr04;woman;doctor;puertorriqueños;internal ;e;noun;3109.8945028065714;3403.6662829934266;2493.7343953668383;3772.5770876591687
pr04;woman;doctor;estar;final;a;verb;3104.0934339674764;4227.799506533408;2983.423369852654;4093.957728667299
pr04;woman;doctor;cierta;internal ;e;adjective;3125.510516409972;4134.674936869839;3124.498124178539;4205.602461999346
pr04;woman;doctor;fuerte ;internal ;e;adjective;3270.6416248515984;3701.223109921467;3277.713327369265;4134.1549322358405
pr04;woman;doctor;mar;final;a;noun;2582.9033052029376;3379.8014783366843;2451.714857313846;3375.797091922859
pr04;woman;doctor;calor;final;o;noun;2490.286832205154;3511.510176799942;2464.809981242173;3487.878832503223
pr04;woman;doctor;detenerse;internal ;e;verb;3091.283683529642;4097.56908906224;3098.8239674947754;4018.7506864789807
pr04;woman;doctor;por;final;o;preposition;2511.259245917518;3935.9500526525094;2497.0494747923394;3942.484769332079
pr04;woman;doctor;puertas;internal ;e;noun;2933.179349144638;3315.393889799573;3120.1316903185275;3549.687208453861
pr04;woman;doctor;poder;final;e;verb;3279.805475568863;3546.2134638012876;3242.0943213204964;4279.61149824149
pr04;woman;doctor;ganar;final;a;verb;2984.9759958084696;3882.329544595234;2883.944264260292;3693.601712505529
pr04;woman;doctor;enviar;final;a;verb;3114.2275368597952;4189.520352115304;3153.563557864074;4225.879754126954
pr04;woman;doctor;largas;internal ;a;adjective;2625.115983544072;4429.54507392094;2734.987387480534;4166.718136761339
pr04;woman;doctor;descargando;internal ;a;verb;2595.5511995492307;3868.5444660706476;2763.718722510334;3823.06835429361
pr04;woman;doctor;mejor;final;o;adjective;2647.4913118659256;4160.26228642146;2565.8073225927014;4192.194859146407
pr05;woman;doctor;york ;final;o;noun;2485.6391269836386;4230.904434105203;2476.1151579273774;4198.395988191085
pr05;woman;doctor;puerto;internal ;e;noun;2926.35673735554;4606.419622709279;2915.5570150871745;4506.630057479725
pr05;woman;doctor;hablar;final;a;verb;1702.6761768120473;2897.171439538996;1936.466153050147;2909.637084696397
pr05;woman;doctor;oportunidades;internal ;o;noun;3009.5958907058475;4594.872610745492;2949.282503100431;4551.25196157609
pr05;woman;doctor;lugar;final;a;noun;2913.376677474321;4506.079714696105;2776.247885503967;4325.369009893687
pr05;woman;doctor;prosperar;final;a;verb;2355.946777755325;3657.374357118104;2302.110336078598;3498.2727239085907
pr05;woman;doctor;puerto;internal ;e;noun;3034.639573943194;4634.049412803771;3049.205018074747;4603.924177667171
pr05;woman;doctor;buscar;final;a;verb;2242.3645614304455;2800.296096046143;2206.557743744924;2954.478409138528
pr05;woman;doctor;puerta;internal ;e;noun;2892.1229033358127;4397.415249645691;2774.6996536486586;4390.5169554386985
pr05;woman;doctor;llegar;final;a;verb;2792.614187787988;3911.115474690053;2570.807473243789;3655.9297779205053
pr05;woman;doctor;york ;final;o;noun;2732.1930697981165;3436.3487707251793;2683.3227326422884;3745.3998341083884
pr05;woman;doctor;invierno;internal ;e;noun;3032.9749464458073;3228.958528684995;3039.8861285174175;3509.028337853087
pr05;woman;doctor;fuerte ;internal ;e;adjective;3145.223024931854;4564.127056375477;3109.3595337662873;4499.976726757744
pr05;woman;doctor;intimidar;final;a;verb;3054.4100698889806;4186.35185473422;2748.129819323087;4113.378083831924
pr05;woman;doctor;mejor;final;o;adjective;1920.7122428716252;2974.712354543839;2137.764303830676;3264.406768495729
pr05;woman;doctor;puertorriqueños;internal ;e;noun;2667.3554043321587;4276.960158920518;2857.1627920468045;4447.807127770856
pr05;woman;doctor;estar;final;a;verb;2013.0937253943655;3352.1057140934636;2179.8977321455695;3151.553909363074
pr05;woman;doctor;cierta;internal ;e;adjective;2488.8679883154177;3041.2990504765908;2664.2973795969624;3046.423672014762
pr05;woman;doctor;fuerte ;internal ;e;adjective;2553.513955988816;4421.639188704936;2827.5226020209707;4392.193304598353
pr05;woman;doctor;mar;final;a;noun;2773.1092625061456;4502.005599620203;2569.1893926535204;4231.385720033096
pr05;woman;doctor;calor;final;o;noun;2908.0303203032854;4246.151197259086;2821.1684359900705;3476.5368301879716
pr05;woman;doctor;detenerse;internal ;e;verb;2568.365515788178;3847.5825594655985;2591.665779448747;3971.475543504299
pr05;woman;doctor;por;final;o;preposition;2823.0742944406134;3472.3364788445083;2824.5277460095062;3463.401677368816
pr05;woman;doctor;puertas;internal ;e;noun;1927.7003940091051;3183.4369432325843;2706.324795412035;4330.956614669793
pr05;woman;doctor;poder;final;e;verb;1825.9390291128302;3016.2988422851413;2158.0492739745077;3420.679289852627
pr05;woman;doctor;ganar;final;a;verb;2210.7139901239448;2924.5785567206153;2299.161414097918;3049.580345991339
pr05;woman;doctor;enviar;final;a;verb;2783.9759858180882;2900.5824803563555;2689.1035603806645;3392.396704730295
pr05;woman;doctor;largas;internal ;a;adjective;2887.057579366153;4763.892815122096;2738.362380413807;4377.100752688738
pr05;woman;doctor;descargando;internal ;a;verb;1989.658669741557;3075.1048313792016;2038.3941782473166;3000.7565397682256
pr05;woman;doctor;mejor;final;o;adjective;2302.2875920775127;4324.364839953732;2317.9235451312393;4167.18442400657
pr06;man;master;york ;final;o;noun;1959.3362636051736;3349.953146558973;2024.0048381763957;3263.2920423678797
pr06;man;master;puerto;internal ;e;noun;1572.9987457635941;3532.843303544856;1858.011993337111;3617.376100027604
pr06;man;master;hablar;final;a;verb;2170.567379455833;3750.5043158686995;2041.57004085408;2818.190963601772
pr06;man;master;oportunidades;internal ;o;noun;2060.5142586608968;3381.46656967089;1951.4456390305158;3115.7367313809996
pr06;man;master;lugar;final;a;noun;2060.8112859581297;3182.2142470310046;2059.923257461521;3213.350247166641
pr06;man;master;prosperar;final;a;verb;1934.5788518306342;3699.401617964531;2121.3237914378324;3626.054333807083
pr06;man;master;puerto;internal ;e;noun;1979.1708313316976;3322.037028552855;2005.8685732429503;3399.47548846728
pr06;man;master;buscar;final;a;verb;2141.4805783948154;3530.9000969578046;2137.9026064534646;3517.004226183651
pr06;man;master;puerta;internal ;e;noun;2102.709581593621;3603.2159487169297;2081.0416275675802;3578.112532809061
pr06;man;master;llegar;final;a;verb;2226.0182675838255;3374.3440533555313;2218.917784535948;3319.614511009877
pr06;man;master;york ;final;o;noun;1872.1010139858274;2772.1484437440963;1889.1667627773834;2799.8352062531844
pr06;man;master;invierno;internal ;e;noun;2031.751965423583;3440.4606576125825;2064.5814184453766;3421.0848978997765
pr06;man;master;fuerte ;internal ;e;adjective;2165.2420669177163;3659.2748893549415;1984.9102871236405;3574.7401917822635
pr06;man;master;intimidar;final;a;verb;2001.0565130064015;3434.0048669594407;2102.1984506907097;3543.260140683187
pr06;man;master;mejor;final;o;adjective;1669.2259665387262;3551.002888160822;1750.1262913799003;3602.924601631105
pr06;man;master;puertorriqueños;internal ;e;noun;2364.3679129166026;3778.5708776958304;1982.4225417376126;3408.979339298768
pr06;man;master;estar;final;a;verb;2127.741135411257;3544.4905803746183;2121.0835833506344;3368.47861361823
pr06;man;master;cierta;internal ;e;adjective;2203.685255280156;3603.43003801891;2263.1308173165653;3449.4517120019286
pr06;man;master;fuerte ;internal ;e;adjective;2017.2991864420976;3678.3514395780417;2030.9775269479937;3654.4795634434568
pr06;man;master;mar;final;a;noun;2048.263408500287;3339.9518840301507;2064.07158200019;3235.9493417490985
pr06;man;master;calor;final;o;noun;2216.798347738844;3329.1855837529397;2217.419763368779;3023.171170739891
pr06;man;master;detenerse;internal ;e;verb;2340.2944108788406;3547.26888863923;2269.300164590646;3468.1105894404022
pr06;man;master;por;final;o;preposition;2149.6275740037127;3293.23100509688;2159.803161439365;3208.6694694971775
pr06;man;master;puertas;internal ;e;noun;2235.449933646752;3483.0148737495983;2059.9917584947234;3442.488726435803
pr06;man;master;poder;final;e;verb;2201.3553881975868;3497.396979003915;2197.872449672605;3099.769298826545
pr06;man;master;ganar;final;a;verb;2185.530139039188;2940.1378688656864;2213.943931538901;3216.379371762928
pr06;man;master;enviar;final;a;verb;2285.5033386392256;3616.683566268212;2242.7970645999685;3217.0286099221694
pr06;man;master;largas;internal ;a;adjective;1956.2071146404703;2739.0754826743346;2137.615655070699;3395.214353214374
pr06;man;master;descargando;internal ;a;verb;2102.2158895972634;2906.0643670103514;2110.558809727837;2893.458182811454
pr06;man;master;mejor;final;o;adjective;2343.559461724666;3917.621812416703;2345.3991563701343;3877.1699414261
pr07;woman;doctor;york ;final;o;noun;1946.7391255794073;3705.694930154272;1961.6436825726455;3692.7693148753992
pr07;woman;doctor;puerto;internal ;e;noun;2404.7476966223358;3989.2050481544957;2611.8041366170546;4037.103558780394
pr07;woman;doctor;hablar;final;a;verb;2402.7184554007736;4069.3694551602784;2403.110886269631;4032.378092101141
pr07;woman;doctor;oportunidades;internal ;o;noun;2332.8575962873847;3803.815334385807;2460.185967697664;3916.8116978899734
pr07;woman;doctor;lugar;final;a;noun;1930.018275726636;3512.3589840665386;1986.3385563797517;3507.765441801835
pr07;woman;doctor;prosperar;final;a;verb;1881.2788943475998;3534.854988489224;2024.9654360598117;3601.791022537806
pr07;woman;doctor;puerto;internal ;e;noun;3814.4674967298815;4908.148060347705;3213.864136711575;4542.2972610226225
pr07;woman;doctor;buscar;final;a;verb;2262.96023307299;3558.6398859432584;2271.240695319188;3624.608389398963
pr07;woman;doctor;puerta;internal ;e;noun;2228.225000380694;4080.190666890607;2282.006681057543;3893.4220349391803
pr07;woman;doctor;llegar;final;a;verb;2435.485376270964;3506.3882077698513;2394.850982368199;3530.8835152268534
pr07;woman;doctor;york ;final;o;noun;2207.671817405371;3469.8408229945776;2201.685484277902;3497.1845360358934
pr07;woman;doctor;invierno;internal ;e;noun;2095.6335876717512;3162.8188175570895;2216.9130553664977;3143.050880992453
pr07;woman;doctor;fuerte ;internal ;e;adjective;2702.0933753388126;3860.59948329822;2674.8348380715006;3773.9486835013013
pr07;woman;doctor;intimidar;final;a;verb;2173.658311476494;3558.940222122805;2219.3607396381126;3567.5285893543705
pr07;woman;doctor;mejor;final;o;adjective;2064.032243412693;2876.304909401148;2060.69034237967;3190.521229064611
pr07;woman;doctor;puertorriqueños;internal ;e;noun;2195.738025729434;3747.590679429841;2469.7293061523687;4061.185348230524
pr07;woman;doctor;estar;final;a;verb;2824.2004251399776;3639.865190778791;2734.671804176095;3645.0183847649873
pr07;woman;doctor;cierta;internal ;e;adjective;2189.934948685418;3728.1197340751924;2426.794850586169;3839.7135490365113
pr07;woman;doctor;fuerte ;internal ;e;adjective;2477.1777638353965;4037.6938121457865;2577.227562700571;3989.4946460329334
pr07;woman;doctor;mar;final;a;noun;2024.336470116137;3996.126841755098;2241.9338737671383;3767.8440067385654
pr07;woman;doctor;calor;final;o;noun;2223.633313292242;3508.5449760799324;2291.7144734604976;3486.604228262686
pr07;woman;doctor;detenerse;internal ;e;verb;2057.246432889712;3585.5276438891315;2390.4794068335405;3614.265077956677
pr07;woman;doctor;por;final;o;preposition;1935.0772932311304;3692.215765930941;1940.4205396332254;3700.8379699815114
pr07;woman;doctor;puertas;internal ;e;noun;2103.2369436496506;3406.4603240746756;2205.932904186584;4073.308733073304
pr07;woman;doctor;poder;final;e;verb;2303.1990615821605;3703.3260793903587;2354.044125639696;3771.729140521801
pr07;woman;doctor;ganar;final;a;verb;2656.197259031558;3837.51003087814;2629.6398519193503;3869.006475749104
pr07;woman;doctor;enviar;final;a;verb;2442.596188292717;3707.943268096614;2442.5574690330245;3767.8493254155755
pr07;woman;doctor;largas;internal ;a;adjective;2369.458993841225;3993.32775861488;2249.943793208657;3841.0005532531577
pr07;woman;doctor;descargando;internal ;a;verb;2189.155251963983;3649.9319425221856;2163.0743648497337;3743.9270094040276
pr07;woman;doctor;mejor;final;o;adjective;2836.449730058771;4564.75996298595;2137.800483486182;3813.752288411169
pr08;man;bachelor;york ;final;o;noun;1790.3838171215423;2937.0918310192415;1758.6559645747245;2777.354722163362
pr08;man;bachelor;puerto;internal ;e;noun;2822.347815164869;3536.8098333072294;2515.557341558952;3395.3731483562633
pr08;man;bachelor;hablar;final;a;verb;1924.2404456101194;3116.0735762109275;2165.8810466173777;3318.552206662822
pr08;man;bachelor;oportunidades;internal ;o;noun;2201.849623347121;3307.1137296688667;2334.260416026677;3411.868805933027
pr08;man;bachelor;lugar;final;a;noun;1819.9287035731745;3626.952045105799;2150.0436329655768;3497.4406773074234
pr08;man;bachelor;prosperar;final;a;verb;2423.9574260253426;3313.8296595876213;2363.289427343439;3337.2527723210706
pr08;man;bachelor;puerto;internal ;e;noun;2110.2474507257566;3350.487786002693;2099.5392247609234;3389.8512111310965
pr08;man;bachelor;buscar;final;a;verb;2124.466178825053;3079.046821676955;2172.520804277148;3094.121420996414
pr08;man;bachelor;puerta;internal ;e;noun;2485.176901067208;3710.4037552684213;2472.9467222676503;3574.6131942169104
pr08;man;bachelor;llegar;final;a;verb;2404.9276767518154;3317.1750826801817;2317.7989031248635;2890.1392799574573
pr08;man;bachelor;york ;final;o;noun;1816.9171484911453;2987.9950854423823;1844.9031392784693;3135.29250485097
pr08;man;bachelor;invierno;internal ;e;noun;2248.791799121378;3408.0001047543974;2246.6827597952642;3076.301756386366
pr08;man;bachelor;fuerte ;internal ;e;adjective;2348.9498203801486;3549.9909589370627;2313.9728340438837;3525.850339287231
pr08;man;bachelor;intimidar;final;a;verb;2089.8513209393104;2917.2733198329042;2169.165894454974;3089.6070872150353
pr08;man;bachelor;mejor;final;o;adjective;2285.0149218714114;3591.395432464421;2113.0103232376696;3429.640231368102
pr08;man;bachelor;puertorriqueños;internal ;e;noun;1900.7059330547108;3306.429342981467;2245.5247744138514;3544.045027035779
pr08;man;bachelor;estar;final;a;verb;2363.7778112011156;3473.217737972854;2324.2535312872546;2860.409084005939
pr08;man;bachelor;cierta;internal ;e;adjective;2502.4309092693206;3359.32483019;2639.9566260596757;3328.312706370993
pr08;man;bachelor;fuerte ;internal ;e;adjective;1820.4640494229109;2612.042907234676;1840.1392674031513;2739.3429751204585
pr08;man;bachelor;mar;final;a;noun;2290.8616766430287;3175.1351217559054;2198.3554108400776;3106.67719965942
pr08;man;bachelor;calor;final;o;noun;2149.4155782054013;3298.2179054239587;2125.6693454398574;3177.137309368242
pr08;man;bachelor;detenerse;internal ;e;verb;2342.4819427706657;3140.44581153615;2429.139183563218;3383.23734654346
pr08;man;bachelor;por;final;o;preposition;2237.48376926415;2862.9008968088087;2213.134184057303;2886.847610058879
pr08;man;bachelor;puertas;internal ;e;noun;2218.9004242173914;3116.8752772656976;2133.7605619137316;3083.518373218618
pr08;man;bachelor;poder;final;e;verb;2007.029525174335;3221.1514091462495;1994.7163943310782;3152.786105481907
pr08;man;bachelor;ganar;final;a;verb;2038.777806409841;3375.328383859197;2056.8770884207156;3307.5676042195714
pr08;man;bachelor;enviar;final;a;verb;2378.1864178583364;3449.656172440552;2383.5835527144236;3439.486718106415
pr08;man;bachelor;largas;internal ;a;adjective;2063.835321554384;3239.0690173098014;2056.348674874988;3252.7005237981766
pr08;man;bachelor;descargando;internal ;a;verb;1975.8785796136003;3184.784015593868;1997.602587760668;3048.3999913483412
pr08;man;bachelor;mejor;final;o;adjective;2637.9529337479735;4096.727087183555;2143.930536164735;3326.0411972747365
pr09;man;bachelor;york ;final;o;noun;1765.337866579572;3517.245709413576;1777.7016953770326;3458.5626302847627
pr09;man;bachelor;puerto;internal ;e;noun;2862.3071233318283;3717.1651969726136;2767.723581862072;3671.010153574775
pr09;man;bachelor;hablar;final;a;verb;1913.926241499407;2670.5251016452494;1880.2261903976434;2680.6585058363935
pr09;man;bachelor;oportunidades;internal ;o;noun;1800.044014907629;2878.0731052535725;2461.627687367155;3193.5882414036823
pr09;man;bachelor;lugar;final;a;noun;2401.8187355141313;2561.1816032106162;2357.3622876628438;2627.5830014297244
pr09;man;bachelor;prosperar;final;a;verb;2183.264971881273;3108.0852329359855;2162.867509824804;3302.3616358390555
pr09;man;bachelor;puerto;internal ;e;noun;2597.8973018725546;3316.053270575502;2566.70989113247;3278.8402978376484
pr09;man;bachelor;buscar;final;a;verb;2310.499843608389;2967.6597971197643;2320.7380345760266;2987.041380955617
pr09;man;bachelor;puerta;internal ;e;noun;2295.502578816256;2817.0155664620224;2369.0181695840624;2811.1257538424065
pr09;man;bachelor;llegar;final;a;verb;2385.526458955443;2685.26904900663;2333.0426207383716;2763.17439433414
pr09;man;bachelor;york ;final;o;noun;1906.3183984193265;3134.10820491735;1933.0120604945012;3169.850251828747
pr09;man;bachelor;invierno;internal ;e;noun;2466.8006602335677;3005.296043136055;2475.7263078858864;2960.2192434120275
pr09;man;bachelor;fuerte ;internal ;e;adjective;2582.8902002725;3415.8212342127836;2487.921422394059;3304.007311025133
pr09;man;bachelor;intimidar;final;a;verb;2131.517520115452;3492.067840441317;2271.7411356710686;3474.3904126226485
pr09;man;bachelor;mejor;final;o;adjective;1665.9102734960934;2433.364313362823;1669.8368252700764;2494.5984778887214
pr09;man;bachelor;puertorriqueños;internal ;e;noun;2569.246810832182;3415.736856868363;2520.824784018996;3287.0825653546203
pr09;man;bachelor;estar;final;a;verb;2256.3346706921625;2815.0557502763463;2186.310876307953;2879.025005587232
pr09;man;bachelor;cierta;internal ;e;adjective;2282.212361300656;3657.379291074553;2331.0604723903557;3592.0120712250555
pr09;man;bachelor;fuerte ;internal ;e;adjective;2280.5735661601634;3900.5834581862123;2526.1908819453447;3893.0834285896008
pr09;man;bachelor;mar;final;a;noun;2158.801357016696;2418.9642276410464;2115.5257350456964;2893.213689037249
pr09;man;bachelor;calor;final;o;noun;1934.4830308088474;2525.5073795673916;1944.4555513123983;2527.723137908969
pr09;man;bachelor;detenerse;internal ;e;verb;2328.3569264114353;3516.3499935490913;2444.8262661053013;3529.6804165239832
pr09;man;bachelor;por;final;o;preposition;1871.8007861442445;2864.40492646949;1862.1136925318235;2866.11208925108
pr09;man;bachelor;puertas;internal ;e;noun;2174.209111801905;3716.318380400153;2267.561505019747;3501.778218024044
pr09;man;bachelor;poder;final;e;verb;2257.3815966851453;2936.3106725242314;2258.3055901493467;2935.481637678813
pr09;man;bachelor;ganar;final;a;verb;2243.8825579496697;3101.2799058172586;2243.7423490728115;3114.616723715153
pr09;man;bachelor;enviar;final;a;verb;2259.0569687885804;3387.769120290935;2266.2100498365216;3388.5751809987987
pr09;man;bachelor;largas;internal ;a;adjective;2191.963705683286;3094.085554266758;2103.4790047032607;2880.5773832605087
pr09;man;bachelor;descargando;internal ;a;verb;2944.675553372699;4037.9279539752715;2165.9329924144035;3477.0069046289054
pr09;man;bachelor;mejor;final;o;adjective;1210.2169858628658;3203.1322594436037;2546.926296659111;3603.5792874339836
pr10;woman;high_school;york ;final;o;noun;2506.3040970922457;4038.191850306621;2683.6769048984047;4251.279083503047
pr10;woman;high_school;puerto;internal ;e;noun;3950.796475488293;3316.053270575502;3302.3512685039113;4453.125925985374
pr10;woman;high_school;hablar;final;a;verb;2341.3002802752126;4076.2461263801883;2189.3090369370825;3565.797767257269
pr10;woman;high_school;oportunidades;internal ;o;noun;3813.139420354934;4058.2432853425075;2894.9619377609433;3939.867191240853
pr10;woman;high_school;lugar;final;a;noun;1752.7300027657773;3493.4808181953053;1778.060512174253;3522.990931678016
pr10;woman;high_school;prosperar;final;a;verb;2922.9799008938458;3799.942698425476;2644.251488797703;3761.754276868259
pr10;woman;high_school;puerto;internal ;e;noun;3144.8832142491015;4284.747624892374;2720.9134677970515;4266.140968588132
pr10;woman;high_school;buscar;final;a;verb;1740.7171999461057;2823.383942225693;2183.569491718691;3707.4628556299576
pr10;woman;high_school;puerta;internal ;e;noun;3015.3125924856586;4846.696659353913;3060.1189034789913;4736.143243212072
pr10;woman;high_school;llegar;final;a;verb;1836.9165420650677;3179.85792187062;1833.6077657256722;3181.5964928260623
pr10;woman;high_school;york ;final;o;noun;1744.7716381012485;2969.2514727697076;2191.8661957774984;4070.2618389614345
pr10;woman;high_school;invierno;internal ;e;noun;2582.7811367142663;4619.435440448212;2603.4564778793615;4580.04372051566
pr10;woman;high_school;fuerte ;internal ;e;adjective;3328.533717364146;4471.800284471488;3014.563628044928;4178.595545582675
pr10;woman;high_school;intimidar;final;a;verb;3142.4318349949426;4547.93279448595;2793.176265844195;3835.680230216406
pr10;woman;high_school;mejor;final;o;adjective;2763.1856070627523;4536.550985509446;2004.79470743696;3931.0627904239996
pr10;woman;high_school;puertorriqueños;internal ;e;noun;2766.4945431328433;4405.733416519748;2934.7507015312963;4616.031248348563
pr10;woman;high_school;estar;final;a;verb;3117.029431042163;4246.440528047303;2780.934970011299;4019.3824323205063
pr10;woman;high_school;cierta;internal ;e;adjective;2436.9653236091767;4617.659934342627;2426.289139287957;4571.586347199535
pr10;woman;high_school;fuerte ;internal ;e;adjective;2381.400501771374;4752.503222913109;2713.930451942536;4479.257200952781
pr10;woman;high_school;mar;final;a;noun;1741.586283209129;3232.211159730365;2492.2939627798837;3990.9784166540358
pr10;woman;high_school;calor;final;o;noun;2487.9907433675894;4341.615447710887;2430.237413807028;4341.1433028381925
pr10;woman;high_school;detenerse;internal ;e;verb;2738.523867937468;3516.3499935490913;2554.4624314636076;3762.393529214266
pr10;woman;high_school;por;final;o;preposition;1774.1871811472022;4682.112311809691;1754.9267034519337;3861.561902954514
pr10;woman;high_school;puertas;internal ;e;noun;3163.243948442051;4605.137985841419;2934.542413483936;4186.991957383999
pr10;woman;high_school;poder;final;e;verb;3606.6851497870816;5111.135227511044;3466.924823117453;4778.46385600139
pr10;woman;high_school;ganar;final;a;verb;2209.3429563627424;3932.311597696028;2391.663174232892;4014.120709339165
pr10;woman;high_school;enviar;final;a;verb;1670.0198102146878;3079.1768310685684;1669.852009946809;3079.163911560682
pr10;woman;high_school;largas;internal ;a;adjective;1839.9703609683813;3815.1220497205695;1983.5295267475028;3720.3610072626407
pr10;woman;high_school;descargando;internal ;a;verb;1997.6296662235713;4034.4220936239035;2369.681544259992;4130.681285500901
pr10;woman;high_school;mejor;final;o;adjective;3194.8320440848283;4300.515479590207;2667.2336330318226;4231.734537379051
pr11;man;bachelor;york ;final;o;noun;2239.600573761914;3858.4562316529627;2203.6347712584593;3529.1126866173354
pr11;man;bachelor;puerto;internal ;e;noun;2918.0536787149363;3732.613507782678;2585.8534939889537;3629.6446661812097
pr11;man;bachelor;hablar;final;a;verb;3309.313491602665;4074.161048469831;3125.019202138477;4142.745055009928
pr11;man;bachelor;oportunidades;internal ;o;noun;2912.6075555977977;3388.029828437578;2746.221871738451;3486.967635953042
pr11;man;bachelor;lugar;final;a;noun;2824.8338522548916;3917.4454829931633;2860.011925799779;3952.877176319067
pr11;man;bachelor;prosperar;final;a;verb;2412.3082265591574;3846.072109836235;2439.497090613587;3814.6335523736116
pr11;man;bachelor;puerto;internal ;e;noun;2720.6905871337026;4185.657135394485;2693.0914173718925;3894.744057027209
pr11;man;bachelor;buscar;final;a;verb;2682.627881403635;3664.593668956474;2681.3967202610506;3682.821315731067
pr11;man;bachelor;puerta;internal ;e;noun;2369.3577599246746;3660.5079645784026;2325.21906238852;3573.7372033193824
pr11;man;bachelor;llegar;final;a;verb;2848.397477806916;3988.8390639803956;2857.0165429643084;3938.92609325336
pr11;man;bachelor;york ;final;o;noun;2441.6286449509794;3293.906494143502;2705.0619408039825;3442.4865304274276
pr11;man;bachelor;invierno;internal ;e;noun;2302.6231187186536;3889.116656281446;1864.2861512646696;3292.5473391614155
pr11;man;bachelor;fuerte ;internal ;e;adjective;2691.6570490306995;4156.857712878369;2645.6694248945737;3836.3538535219864
pr11;man;bachelor;intimidar;final;a;verb;2741.179977588544;3922.033156789619;2754.7831810410403;3896.675452883665
pr11;man;bachelor;mejor;final;o;adjective;2984.4972374500967;3309.3457415274574;2851.02383399863;3359.703225209555
pr11;man;bachelor;puertorriqueños;internal ;e;noun;3424.940801524574;4028.7797380002894;3055.4669367649603;3823.3913262913907
pr11;man;bachelor;estar;final;a;verb;2721.6205107546093;3800.020558599964;2879.9689298494714;3900.049777045177
pr11;man;bachelor;cierta;internal ;e;adjective;2659.169515062079;3804.6448920711696;2712.1975743443336;3864.154966806463
pr11;man;bachelor;fuerte ;internal ;e;adjective;3350.119706598851;3989.1237925909936;3210.4919329671848;3683.8393246593364
pr11;man;bachelor;mar;final;a;noun;2965.8414837578207;3811.2546274523947;2781.0905036076247;3750.8128082622297
pr11;man;bachelor;calor;final;o;noun;2753.5648814088077;3737.145410268648;2676.4812478795243;3562.786701579847
pr11;man;bachelor;detenerse;internal ;e;verb;2809.4223688596226;3981.0055323448382;2792.534174891857;3943.225286986102
pr11;man;bachelor;por;final;o;preposition;2743.2716307609853;3238.9943920741434;2641.738685684188;3302.603726815349
pr11;man;bachelor;puertas;internal ;e;noun;2973.405525161672;4116.8506634084715;2984.3296685239466;3778.122192230122
pr11;man;bachelor;poder;final;e;verb;2443.8080092337905;4041.3726080378633;2588.905144150938;4177.925840611945
pr11;man;bachelor;ganar;final;a;verb;2583.9956086451753;3625.056119800595;2622.9769376342556;3617.647210286704
pr11;man;bachelor;enviar;final;a;verb;3014.2989952676057;3552.54632265183;2927.726153532446;3605.7183717666358
pr11;man;bachelor;largas;internal ;a;adjective;2890.750160742079;3642.596763094118;2943.0648535460273;3764.1051528843864
pr11;man;bachelor;descargando;internal ;a;verb;3699.826252668863;3169.849507577396;2346.1299762518365;3854.1532232452687
pr11;man;bachelor;mejor;final;o;adjective;1365.2550875483905;3423.320553032604;1257.1049830523436;3371.598023457727
pr12;woman;bachelor;york ;final;o;noun;2413.120721226742;4270.396755765809;2424.543203012078;4216.796290920687
pr12;woman;bachelor;puerto;internal ;e;noun;2457.4242725528743;4496.884956956123;2458.5051218848052;4211.767103671478
pr12;woman;bachelor;hablar;final;a;verb;1902.5861997438633;2778.873515799446;2321.7488475251976;3414.580067057271
pr12;woman;bachelor;oportunidades;internal ;o;noun;3068.875061059668;4210.9126122812295;3048.001797512175;4281.536448886612
pr12;woman;bachelor;lugar;final;a;noun;2839.325569223634;4963.87357767773;2553.7293737182886;3999.145438990494
pr12;woman;bachelor;prosperar;final;a;verb;2351.135046571973;4642.331604624139;2493.8733803337263;4369.727635863561
pr12;woman;bachelor;puerto;internal ;e;noun;2891.239657698849;3830.107423084016;2773.3541322156857;3586.095268020856
pr12;woman;bachelor;buscar;final;a;verb;2806.562420498346;4308.316262803537;2789.267820104445;4328.038012452348
pr12;woman;bachelor;puerta;internal ;e;noun;3309.9999307606377;3405.3197203883897;3043.458155299807;3983.5952422497344
pr12;woman;bachelor;llegar;final;a;verb;2771.187490601688;4176.925886247731;2739.5528676471167;4037.5192578927868
pr12;woman;bachelor;york ;final;o;noun;2429.177727372681;4330.029105511605;2452.8935570071862;3896.086070416652
pr12;woman;bachelor;invierno;internal ;e;noun;2724.733299243873;4348.63304132636;2804.6467410555415;4393.758791933782
pr12;woman;bachelor;fuerte ;internal ;e;adjective;2636.7293162600427;3729.1208265500222;2722.9278951765946;3370.4801607125682
pr12;woman;bachelor;intimidar;final;a;verb;2685.2728799380534;4727.65816230236;2735.814825291949;4557.296839530774
pr12;woman;bachelor;mejor;final;o;adjective;2691.4551148456776;3942.7517362804933;2700.0939154124158;3964.3087046903597
pr12;woman;bachelor;puertorriqueños;internal ;e;noun;2966.500285060199;4182.434836375635;2974.5318477620003;4024.8508818439805
pr12;woman;bachelor;estar;final;a;verb;2698.584716892637;4643.5422134079945;2577.896583193773;4263.170487948194
pr12;woman;bachelor;cierta;internal ;e;adjective;2862.1583921447696;3788.198863580422;2903.0012490480926;3941.400165211657
pr12;woman;bachelor;fuerte ;internal ;e;adjective;2779.5995769104106;3824.934589841142;3171.035060400335;4180.066486979322
pr12;woman;bachelor;mar;final;a;noun;2325.9567101354464;3602.33495139674;2764.700340212281;4004.5755032476072
pr12;woman;bachelor;calor;final;o;noun;2882.131680539452;4502.320545864677;2803.1627981799343;4057.0216996838262
pr12;woman;bachelor;detenerse;internal ;e;verb;2246.5177306913915;3764.403810768287;2345.427682548298;3987.1613194017696
pr12;woman;bachelor;por;final;o;preposition;2275.4379684996907;3180.017070534631;2260.630758101563;3163.453493760505
pr12;woman;bachelor;puertas;internal ;e;noun;2898.4772910361025;3773.1074185385946;2794.9388604107116;3459.7489560424965
pr12;woman;bachelor;poder;final;e;verb;3001.477245873118;4381.788411907288;2810.366325382057;3927.999090435805
pr12;woman;bachelor;ganar;final;a;verb;2271.142279651236;2659.9976863374254;2411.79046260945;2713.9139449509144
pr12;woman;bachelor;enviar;final;a;verb;2545.401251415346;4521.29166976052;2305.1911511029084;3428.0713324611474
pr12;woman;bachelor;largas;internal ;a;adjective;2612.019563803689;4525.972980603117;2630.209905385234;4575.9870009873985
pr12;woman;bachelor;descargando;internal ;a;verb;2803.711978954119;3989.2996922859998;2541.3278259328094;3676.6920514713406
pr12;woman;bachelor;mejor;final;o;adjective;3599.3056546989665;4820.370795469588;3412.0719867652165;4522.360968115174
pr13;woman;bachelor;york ;final;o;noun;2008.0344660472203;4356.197835567428;2024.683508338537;4404.985134505232
pr13;woman;bachelor;puerto;internal ;e;noun;2316.9648685684383;4183.163419764924;2398.9358131075064;4004.9116596821027
pr13;woman;bachelor;hablar;final;a;verb;2445.2736826756404;3997.4922128623793;2496.724707543644;3831.719288069937
pr13;woman;bachelor;oportunidades;internal ;o;noun;2575.0845395705533;4162.431581305841;2493.387480443126;3869.1883512235277
pr13;woman;bachelor;lugar;final;a;noun;3099.332016987817;4168.963729677897;3097.4528919503564;4110.957479977703
pr13;woman;bachelor;prosperar;final;a;verb;2148.0463410449656;2794.2712644559006;2266.0969588279536;3387.621167304044
pr13;woman;bachelor;puerto;internal ;e;noun;1983.7596865186413;3610.8156996811344;2258.1844701462064;3627.436801055761
pr13;woman;bachelor;buscar;final;a;verb;2539.4774691719726;4254.615724108873;2445.5517485748837;4110.455407136887
pr13;woman;bachelor;puerta;internal ;e;noun;2820.193644250611;4549.418991830509;2580.24031807697;4311.679947707216
pr13;woman;bachelor;llegar;final;a;verb;2449.0357445010386;3779.711839299678;2444.9171506007783;3772.737908410372
pr13;woman;bachelor;york ;final;o;noun;2149.1264343979524;4098.1000625107;2134.7330416491213;4238.980549167925
pr13;woman;bachelor;invierno;internal ;e;noun;2921.2904113529485;4577.951534586776;2810.9548405527894;3995.3752624245512
pr13;woman;bachelor;fuerte ;internal ;e;adjective;2229.8496904639446;4382.451444292493;2222.545199767986;4109.252545272261
pr13;woman;bachelor;intimidar;final;a;verb;2467.7882375071463;3492.5744036146725;2441.669957991644;3536.494299427735
pr13;woman;bachelor;mejor;final;o;adjective;2083.511006960775;3979.616963253637;2300.8541625344565;3831.0765854187116
pr13;woman;bachelor;puertorriqueños;internal ;e;noun;2639.312038767417;3869.430898038668;2359.7731248156783;3620.6666415162917
pr13;woman;bachelor;estar;final;a;verb;2474.4672297451484;3673.425207892755;2452.748394560491;4115.580999402652
pr13;woman;bachelor;cierta;internal ;e;adjective;2245.226767635713;3970.5408430179127;2612.0823705116563;4029.909747104897
pr13;woman;bachelor;fuerte ;internal ;e;adjective;2677.0194629318767;4291.314267971094;2794.696353341541;4040.369883184638
pr13;woman;bachelor;mar;final;a;noun;2262.142301623405;3635.057811616085;2345.0889499224436;3750.2911222564276
pr13;woman;bachelor;calor;final;o;noun;2536.481953643428;4171.42787329001;2598.7260674564122;4053.6283389106998
pr13;woman;bachelor;detenerse;internal ;e;verb;2966.5928107370128;4389.817453084061;2877.03942097407;4220.414573415132
pr13;woman;bachelor;por;final;o;preposition;2155.4407393649226;3620.0582753516533;2230.2211856379904;3715.5841913143886
pr13;woman;bachelor;puertas;internal ;e;noun;2274.8593029398407;3323.3333225236834;2667.8388305657218;3635.142262840062
pr13;woman;bachelor;poder;final;e;verb;2490.8106560591536;3575.959210801947;2502.3088343261334;3378.1851742294825
pr13;woman;bachelor;ganar;final;a;verb;2673.356588598898;4510.940347168866;2540.9154302014463;4281.881632373074
pr13;woman;bachelor;enviar;final;a;verb;2694.353588992977;4423.600931059991;2693.0169442904444;4318.828655738854
pr13;woman;bachelor;largas;internal ;a;adjective;2492.189678340106;2888.4093479603625;2501.116152035473;3264.998906196126
pr13;woman;bachelor;descargando;internal ;a;verb;2536.7684194517738;2732.7816907607844;2495.0350104063805;3291.3427044675263
pr13;woman;bachelor;mejor;final;o;adjective;2338.007327683682;4059.142276252454;2310.5349364461795;4004.1252088489528
pr14;man;bachelor;york ;final;o;noun;1705.5865472523262;3295.4713274441892;1726.693706363796;3223.1224915502603
pr14;man;bachelor;puerto;internal ;e;noun;1744.2124039557943;3546.9448285677286;1775.6198367232046;3422.7512247685186
pr14;man;bachelor;hablar;final;a;verb;2709.3952432919714;3984.6508801768737;2678.5735545942507;4093.350444614864
pr14;man;bachelor;oportunidades;internal ;o;noun;2373.15948132031;3031.3158715077834;2359.6081453737042;3112.9761566755797
pr14;man;bachelor;lugar;final;a;noun;2394.4550679279487;4144.552287044045;2429.2239523047383;3931.137975867459
pr14;man;bachelor;prosperar;final;a;verb;2342.3012085201794;4069.670233102469;2294.509337135155;3793.9342761896555
pr14;man;bachelor;puerto;internal ;e;noun;2010.9101393038356;3357.6077753063532;2010.2400067941421;3385.4860692241577
pr14;man;bachelor;buscar;final;a;verb;2240.8594018722074;3877.3708255105544;2282.048593997498;3892.302714403443
pr14;man;bachelor;puerta;internal ;e;noun;2171.5663303922142;3565.426343019586;2168.0908030378305;3710.839092936557
pr14;man;bachelor;llegar;final;a;verb;2290.632160598722;3791.0894626876184;2244.070352493304;3819.992740477679
pr14;man;bachelor;york ;final;o;noun;2034.6605971552626;3155.6418811682624;2082.240363134348;3194.357350675641
pr14;man;bachelor;invierno;internal ;e;noun;2232.327126052161;3506.5555524215833;2203.8126430897496;3529.834640408558
pr14;man;bachelor;fuerte ;internal ;e;adjective;2009.8306179298136;3823.156999075867;1988.2274882627373;3700.810083112282
pr14;man;bachelor;intimidar;final;a;verb;2198.472812765786;3629.684036480569;2220.8749861370165;3521.21475731057
pr14;man;bachelor;mejor;final;o;adjective;2041.0975278387173;3777.8172383173514;2098.2369924034874;3724.9915930348875
pr14;man;bachelor;puertorriqueños;internal ;e;noun;2057.568838295988;3354.7362208727227;2038.084922832425;3385.1957981549854
pr14;man;bachelor;estar;final;a;verb;1851.352322682843;3467.8661394099836;1911.4977717611512;3661.8139366869273
pr14;man;bachelor;cierta;internal ;e;adjective;2303.967205500619;3727.5803451489205;2314.209547385335;3761.753194231212
pr14;man;bachelor;fuerte ;internal ;e;adjective;2343.681709917919;3706.0826098272905;2434.8972668362476;3521.0452699021857
pr14;man;bachelor;mar;final;a;noun;2540.311005075548;4009.420718609942;2540.438126158721;3950.784803829403
pr14;man;bachelor;calor;final;o;noun;2132.7686558561827;3143.6787672549112;2205.154438336797;3191.7100202696224
pr14;man;bachelor;detenerse;internal ;e;verb;2261.4524288516695;3207.216178325292;2295.9675726014966;3197.2298456387034
pr14;man;bachelor;por;final;o;preposition;2248.8031419784456;3554.1889839671244;2238.325247529762;3534.4618900752325
pr14;man;bachelor;puertas;internal ;e;noun;2213.4909271980578;3381.0757523678794;2170.882433364175;3565.5209309618745
pr14;man;bachelor;poder;final;e;verb;2058.719877236275;3724.4173186941325;2063.642115751808;3715.600701140636
pr14;man;bachelor;ganar;final;a;verb;2368.7816225056918;3804.4858613290935;2337.936006492367;3778.032252822821
pr14;man;bachelor;enviar;final;a;verb;2270.6001375912515;3653.871263093876;2257.1238584829116;3643.3371408663725
pr14;man;bachelor;largas;internal ;a;adjective;2023.0933285562255;3882.425615485684;2190.7899477012693;3905.905673785688
pr14;man;bachelor;descargando;internal ;a;verb;1935.1993129066511;3745.459872456873;1952.5555623076182;3767.600354162432
pr14;man;bachelor;mejor;final;o;adjective;2050.090329897698;3710.543939092725;1924.4623330814234;3546.9619156921717
